{"M_c": 1.2008427381515503, "eta": 0.24741165955616887, "s1_z": -0.027215833, "s2_z": -0.02180882, "lambda_1": 308.57911570633905, "lambda_2": 992.5945765503546, "d_L": 535.55274, "t_c": 0.0, "phase_c": -1.8274941444396973, "iota": 2.1472338, "psi": 5.699801921844482, "ra": 4.5617515, "dec": 0.56289593, "gmst": 0.10423157047391561}