{"seed": 8291, "ifos": ["H1", "L1"], "outdir": "./injections_tidal/outdir/injection_3912/", "snr": 16.15054771852981, "f_sampling": 4096, "fmin": 20, "fref": 20, "trigger_time": 1013587551.0, "duration": 128, "post_trigger_duration": 2, "M_c": 1.4702836275100708, "q": 0.8322759209809008, "s1_z": -0.04327765, "s2_z": -0.035384854, "d_L": 584.16877, "t_c": 0.0, "phase_c": -3.051407814025879, "cos_iota": 0.8282203604643618, "psi": 5.933746814727783, "ra": 2.9573194, "sin_dec": 0.5191689231106303}