{"M_c": 1.5922825336456299, "eta": 0.24984099329584858, "s1_z": -0.03834015, "s2_z": -0.007140219, "lambda_1": 77.2110506530056, "lambda_2": 112.40526189253485, "d_L": 179.9298, "t_c": 0.0, "phase_c": -0.13604144752025604, "iota": 0.8292328399999999, "psi": 4.762401580810547, "ra": 4.9020921, "dec": -0.45450729000000006, "gmst": 1.1732709597654902}