{"M_c": 2.173992395401001, "eta": 0.24886456494596548, "s1_z": 0.3665528, "s2_z": 0.0080080847, "lambda_1": 5.2203813963268075, "lambda_2": 6.098743055958475, "d_L": 141.63639, "t_c": 0.0, "phase_c": 0.7184224724769592, "iota": 0.63031424, "psi": 5.418745517730713, "ra": 0.99299464, "dec": 0.3905491, "gmst": 3.56118919389148}