{"seed": 797, "ifos": ["H1"], "outdir": "./injections_tidal/outdir/injection_1572/", "snr": 17.06425599836985, "f_sampling": 4096, "fmin": 20, "fref": 20, "trigger_time": 1029328076.0, "duration": 128, "post_trigger_duration": 2, "M_c": 1.8364800214767456, "q": 0.9667362564179758, "s1_z": -0.029723954, "s2_z": 0.00041895639, "d_L": 207.48108, "t_c": 0.0, "phase_c": 0.6104902029037476, "cos_iota": -0.730286588942948, "psi": 6.16401481628418, "ra": 6.0821678, "sin_dec": -0.1371338056563217}