{"seed": 4851, "ifos": ["H1", "L1"], "outdir": "./injections_tidal/outdir/injection_2810/", "snr": 12.77759497725421, "f_sampling": 4096, "fmin": 20, "fref": 20, "trigger_time": 1012929936.0, "duration": 128, "post_trigger_duration": 2, "M_c": 1.4170787334442139, "q": 0.9409739514564467, "s1_z": -0.011421127, "s2_z": 0.0125013, "d_L": 248.26885, "t_c": 0.0, "phase_c": -3.087237596511841, "cos_iota": 0.6182863148778706, "psi": 1.2232307195663452, "ra": 4.0562324, "sin_dec": -0.4410868621662895}