{"seed": 2745, "ifos": ["H1", "L1"], "outdir": "./injections_tidal/outdir/injection_1790/", "snr": 10.56523058987688, "f_sampling": 4096, "fmin": 20, "fref": 20, "trigger_time": 1018913284.0, "duration": 128, "post_trigger_duration": 2, "M_c": 1.4870802164077759, "q": 0.5110012542958674, "s1_z": -0.0053305854, "s2_z": -0.0088973278, "d_L": 1051.222, "t_c": 0.0, "phase_c": 2.953190803527832, "cos_iota": 0.952990522885568, "psi": 4.634904384613037, "ra": 5.6218918, "sin_dec": -0.6651795458182315}