{"seed": 2046, "ifos": ["L1"], "outdir": "./injections_tidal/outdir/injection_3267/", "snr": 14.84948074999184, "f_sampling": 4096, "fmin": 20, "fref": 20, "trigger_time": 1027273863.0, "duration": 128, "post_trigger_duration": 2, "M_c": 1.6217081546783447, "q": 0.9236277847817544, "s1_z": -0.04923645, "s2_z": -0.0068053026, "d_L": 341.07251, "t_c": 0.0, "phase_c": 1.7912718057632446, "cos_iota": -0.6113157183420318, "psi": 5.675042629241943, "ra": 1.9741789, "sin_dec": 0.3515354764268892}