{"M_c": 1.6217081546783447, "eta": 0.24960593423970376, "s1_z": -0.04923645, "s2_z": -0.0068053026, "lambda_1": 59.228781037058404, "lambda_2": 109.26510769814477, "d_L": 341.07251, "t_c": 0.0, "phase_c": 1.7912718057632446, "iota": 2.2285183999999996, "psi": 5.675042629241943, "ra": 1.9741789, "dec": 0.35921076, "gmst": 3.692037769131285}