{"seed": 4851, "ifos": ["H1", "L1"], "outdir": "./injections_tidal/outdir_uniform/injection_2780/", "snr": 32.16810915978529, "f_sampling": 4096, "fmin": 20, "fref": 20, "trigger_time": 1029115377.0, "duration": 128, "post_trigger_duration": 2, "M_c": 2.1521430015563965, "q": 0.8331685243046533, "s1_z": -0.52561503, "s2_z": 0.019001583, "d_L": 293.23054, "t_c": 0.0, "phase_c": 0.08998345583677292, "cos_iota": 0.8356245348785437, "psi": 1.8448151350021362, "ra": 4.9437108, "sin_dec": 0.8644263765809751}