{"M_c": 1.8364800214767456, "eta": 0.24992848617472968, "s1_z": -0.029723954, "s2_z": 0.00041895639, "lambda_1": 21.502222179574925, "lambda_2": 31.759230771458014, "d_L": 207.48108, "t_c": 0.0, "phase_c": 0.6104902029037476, "iota": 2.3895377, "psi": 6.16401481628418, "ra": 6.0821678, "dec": -0.1375673, "gmst": 2.6911823788951574}