{"seed": 6921, "ifos": ["H1", "L1"], "outdir": "./injections_tidal/outdir/injection_1920/", "snr": 10.32654375195348, "f_sampling": 4096, "fmin": 20, "fref": 20, "trigger_time": 1010687928.0, "duration": 128, "post_trigger_duration": 2, "M_c": 1.4441410303115845, "q": 0.6830404158694009, "s1_z": 0.0042515594, "s2_z": -0.018684946, "d_L": 499.55608, "t_c": 0.0, "phase_c": 0.9536282420158386, "cos_iota": -0.2659055541510016, "psi": 2.406259059906006, "ra": 4.6213889, "sin_dec": 0.5297786076277956}