{"M_c": 1.4441410303115845, "eta": 0.24113336776822208, "s1_z": 0.0042515594, "s2_z": -0.018684946, "lambda_1": 42.28187253765686, "lambda_2": 573.9115479427205, "d_L": 499.55608, "t_c": 0.0, "phase_c": 0.9536282420158386, "iota": 1.8399394999999998, "psi": 2.406259059906006, "ra": 4.6213889, "dec": 0.55833951, "gmst": 0.5980370321077086}