{"M_c": 1.1917479038238525, "eta": 0.2499956171458745, "s1_z": 0.0085263634, "s2_z": 0.036744586, "lambda_1": 577.1125838265199, "lambda_2": 606.2645911116064, "d_L": 452.77505, "t_c": 0.0, "phase_c": -1.612362027168274, "iota": 2.3020331, "psi": 4.713650226593018, "ra": 3.8544304, "dec": 0.72047662, "gmst": 6.275188655280751}