{"seed": 797, "ifos": ["H1", "L1"], "outdir": "./injections_tidal/outdir/injection_4019/", "snr": 10.27173462275543, "f_sampling": 4096, "fmin": 20, "fref": 20, "trigger_time": 1027861200.0, "duration": 128, "post_trigger_duration": 2, "M_c": 1.340315341949463, "q": 0.9473577788790053, "s1_z": 0.035337677, "s2_z": -0.0044594926, "d_L": 535.62624, "t_c": 0.0, "phase_c": -0.6525592803955078, "cos_iota": 0.9778298672368252, "psi": 3.282694101333618, "ra": 2.7821227, "sin_dec": -0.4639242426733515}