{"M_c": 1.340315341949463, "eta": 0.24981730909828467, "s1_z": 0.035337677, "s2_z": -0.0044594926, "lambda_1": 249.9388974835657, "lambda_2": 348.79581958227516, "d_L": 535.62624, "t_c": 0.0, "phase_c": -0.6525592803955078, "iota": 0.21096226999999995, "psi": 3.282694101333618, "ra": 2.7821227, "dec": -0.4824198800000001, "gmst": 2.5390373044280476}