{"M_c": 1.3336529731750488, "eta": 0.24983871840105576, "s1_z": -0.0017102223, "s2_z": 0.024478602, "lambda_1": 260.68587430688876, "lambda_2": 355.92431380522896, "d_L": 398.42167, "t_c": 0.0, "phase_c": 2.6090962886810303, "iota": 0.3507397399999999, "psi": 1.2745704650878906, "ra": 0.61230462, "dec": 0.6406423800000001, "gmst": 3.794924537834937}