{"M_c": 1.3285632133483887, "eta": 0.24691783462068412, "s1_z": 0.12823941, "s2_z": 0.061414567, "lambda_1": 151.5665463596337, "lambda_2": 597.2095509230364, "d_L": 121.39648, "t_c": 0.0, "phase_c": 0.019553152844309807, "iota": 0.75814954, "psi": 6.2410736083984375, "ra": 3.3752218, "dec": 0.38188433999999993, "gmst": 1.4610350551955396}