{"seed": 9781, "ifos": ["H1", "L1"], "outdir": "./injections_tidal/outdir/injection_439/", "snr": 29.88166660630577, "f_sampling": 4096, "fmin": 20, "fref": 20, "trigger_time": 1016801833.0, "duration": 128, "post_trigger_duration": 2, "M_c": 1.095468521118164, "q": 0.9605249283243533, "s1_z": 0.022750958, "s2_z": -0.25083342, "d_L": 103.36001, "t_c": 0.0, "phase_c": -1.1597613096237183, "cos_iota": -0.835886020798494, "psi": 4.739634037017822, "ra": 2.633147, "sin_dec": 0.12381349864397267}