{"seed": 4187, "ifos": ["H1", "L1"], "outdir": "./injections_tidal/outdir/injection_3670/", "snr": 14.02886830484442, "f_sampling": 4096, "fmin": 20, "fref": 20, "trigger_time": 1019315990.0, "duration": 128, "post_trigger_duration": 2, "M_c": 2.026779890060425, "q": 0.816383128633979, "s1_z": -0.044300125, "s2_z": -0.047957343, "d_L": 805.4014, "t_c": 0.0, "phase_c": 2.1400763988494873, "cos_iota": 0.9668538562231899, "psi": 4.469518661499023, "ra": 5.4157247, "sin_dec": 0.253757460909144}