{"M_c": 1.3580628633499146, "eta": 0.2428675062425046, "s1_z": -0.17346274, "s2_z": -0.0097327444, "lambda_1": 83.91226343623612, "lambda_2": 728.6467903040964, "d_L": 140.23235, "t_c": 0.0, "phase_c": -1.861562967300415, "iota": 2.2695812999999996, "psi": 2.1227431297302246, "ra": 0.98069922, "dec": 1.242507, "gmst": 1.4218150725210574}