{"M_c": 1.0686321258544922, "eta": 0.24999410048370174, "s1_z": -0.033191407, "s2_z": -0.015399759, "lambda_1": 1053.9370090964958, "lambda_2": 1110.440852469674, "d_L": 482.92523, "t_c": 0.0, "phase_c": 0.08274800330400467, "iota": 0.8503823299999999, "psi": 4.912102699279785, "ra": 0.11159166, "dec": 1.0737754, "gmst": 2.5066515041692705}