{"M_c": 1.7859224081039429, "eta": 0.2432490819046699, "s1_z": -0.010319192, "s2_z": 0.088595851, "lambda_1": 6.737280166979323, "lambda_2": 132.22967717256137, "d_L": 173.60481, "t_c": 0.0, "phase_c": 0.2315899133682251, "iota": 0.99324305, "psi": 0.14490903913974762, "ra": 4.9635336, "dec": 0.51398966, "gmst": 1.0053110643447762}