{"seed": 4859, "ifos": ["H1", "L1"], "outdir": "./injections_tidal/outdir/injection_399/", "snr": 12.68587459580604, "f_sampling": 4096, "fmin": 20, "fref": 20, "trigger_time": 1001240094.0, "duration": 128, "post_trigger_duration": 2, "M_c": 1.190252423286438, "q": 0.7412473471606841, "s1_z": 0.048288319, "s2_z": -0.01508925, "d_L": 239.91382, "t_c": 0.0, "phase_c": -2.500619411468506, "cos_iota": -0.5880539287823546, "psi": 3.325117826461792, "ra": 2.0915601, "sin_dec": -0.7814686717941681}