{"seed": 2897, "ifos": ["H1", "L1"], "outdir": "./injections_tidal/outdir/injection_737/", "snr": 10.06052786006457, "f_sampling": 4096, "fmin": 20, "fref": 20, "trigger_time": 1017411864.0, "duration": 128, "post_trigger_duration": 2, "M_c": 1.4821044206619263, "q": 0.9090899630738143, "s1_z": 0.010310903, "s2_z": 0.0025493089, "d_L": 658.63965, "t_c": 0.0, "phase_c": -2.8041787147521973, "cos_iota": -0.8307541103767292, "psi": 3.0310912132263184, "ra": 4.1521491, "sin_dec": 0.7048672908294692}