{"M_c": 1.4821043014526367, "eta": 0.24943309421566254, "s1_z": 0.010310903, "s2_z": 0.0025493089, "lambda_1": 111.33115263955318, "lambda_2": 212.17814798719135, "d_L": 658.63965, "t_c": 0.0, "phase_c": -2.8041787147521973, "iota": 2.5512574, "psi": 3.0310912132263184, "ra": 4.1521491, "dec": 0.78223604, "gmst": 0.826773763457229}