{"seed": 6216, "ifos": ["H1", "L1"], "outdir": "./injections_tidal/outdir_uniform/injection_1068/", "snr": 34.28965473280119, "f_sampling": 4096, "fmin": 20, "fref": 20, "trigger_time": 1004323620.0, "duration": 128, "post_trigger_duration": 2, "M_c": 1.3285632133483887, "q": 0.8001241088760365, "s1_z": 0.12823941, "s2_z": 0.061414567, "d_L": 121.39648, "t_c": 0.0, "phase_c": 0.019553152844309807, "cos_iota": 0.726109590598502, "psi": 6.2410736083984375, "ra": 3.3752218, "sin_dec": 0.37266972977643453}