{"seed": 9396, "ifos": ["H1", "L1"], "outdir": "./injections_tidal/outdir/injection_4153/", "snr": 10.54051260652789, "f_sampling": 4096, "fmin": 20, "fref": 20, "trigger_time": 1015552480.0, "duration": 128, "post_trigger_duration": 2, "M_c": 2.201106548309326, "q": 0.894597677369512, "s1_z": -0.001969771, "s2_z": -0.040655605, "d_L": 1326.503, "t_c": 0.0, "phase_c": -0.25310513377189636, "cos_iota": -0.9427535471441364, "psi": 1.2545444965362549, "ra": 2.2704117, "sin_dec": 0.3546855027971659}