{"seed": 5072, "ifos": ["H1", "L1"], "outdir": "./injections_tidal/outdir/injection_2786/", "snr": 10.36423275970062, "f_sampling": 4096, "fmin": 20, "fref": 20, "trigger_time": 1010095484.0, "duration": 128, "post_trigger_duration": 2, "M_c": 1.306273341178894, "q": 0.6555726595537626, "s1_z": 0.037893538, "s2_z": -0.042924591, "d_L": 517.66111, "t_c": 0.0, "phase_c": -2.2821030616760254, "cos_iota": 0.35686244445426, "psi": 0.8930810689926147, "ra": 5.3603424, "sin_dec": 0.7508651205456885}