{"seed": 2732, "ifos": ["H1", "L1"], "outdir": "./injections_tidal/outdir/injection_59/", "snr": 10.04501839419467, "f_sampling": 4096, "fmin": 20, "fref": 20, "trigger_time": 1006236364.0, "duration": 128, "post_trigger_duration": 2, "M_c": 1.8993377685546875, "q": 0.6073595248380459, "s1_z": 0.0481763, "s2_z": 0.011912023, "d_L": 817.73502, "t_c": 0.0, "phase_c": -0.6102507710456848, "cos_iota": -0.9483075533217358, "psi": 1.539509892463684, "ra": 0.66535425, "sin_dec": -0.12341599098112088}