{"seed": 7456, "ifos": ["H1", "L1"], "outdir": "./injections_tidal/outdir/injection_4627/", "snr": 12.23755189522013, "f_sampling": 4096, "fmin": 20, "fref": 20, "trigger_time": 1001977044.0, "duration": 128, "post_trigger_duration": 2, "M_c": 1.1917479038238525, "q": 0.9916608097569477, "s1_z": 0.0085263634, "s2_z": 0.036744586, "d_L": 452.77505, "t_c": 0.0, "phase_c": -1.612362027168274, "cos_iota": -0.66779073647821, "psi": 4.713650226593018, "ra": 3.8544304, "sin_dec": 0.659742922709436}