{"seed": 3337, "ifos": ["L1"], "outdir": "./injections_tidal/outdir/injection_1768/", "snr": 11.20837745284548, "f_sampling": 4096, "fmin": 20, "fref": 20, "trigger_time": 1008629289.0, "duration": 128, "post_trigger_duration": 2, "M_c": 1.6928919553756714, "q": 0.8216279547267649, "s1_z": -0.00079717826, "s2_z": -0.00097724534, "d_L": 1040.5001, "t_c": 0.0, "phase_c": 2.97753643989563, "cos_iota": 0.997012486106601, "psi": 2.165576219558716, "ra": 6.2174784, "sin_dec": 0.6330711728376446}