{"seed": 6921, "ifos": ["H1", "L1"], "outdir": "./injections_tidal/outdir/injection_868/", "snr": 19.06475173799886, "f_sampling": 4096, "fmin": 20, "fref": 20, "trigger_time": 1030381348.0, "duration": 128, "post_trigger_duration": 2, "M_c": 1.1763060092926025, "q": 0.8420068792710234, "s1_z": 0.044062325, "s2_z": 0.0077883021, "d_L": 215.07399, "t_c": 0.0, "phase_c": 2.4612743854522705, "cos_iota": -0.6708740257311446, "psi": 3.468600034713745, "ra": 5.065992, "sin_dec": 0.1262034621535214}