{"M_c": 1.1763060092926025, "eta": 0.2481607792073451, "s1_z": 0.044062325, "s2_z": 0.0077883021, "lambda_1": 385.3100706287952, "lambda_2": 1019.3888887335479, "d_L": 215.07399, "t_c": 0.0, "phase_c": 2.4612743854522705, "iota": 2.3061831, "psi": 3.468600034713745, "ra": 5.065992, "dec": 0.12654090000000004, "gmst": 4.098771669162173}