{"seed": 3264, "ifos": ["H1", "L1"], "outdir": "./injections_tidal/outdir/injection_187/", "snr": 11.17383178835206, "f_sampling": 4096, "fmin": 20, "fref": 20, "trigger_time": 1012051616.0, "duration": 128, "post_trigger_duration": 2, "M_c": 1.1018728017807007, "q": 0.977031967508128, "s1_z": 0.027800744, "s2_z": -0.0011064508, "d_L": 712.34621, "t_c": 0.0, "phase_c": -3.100144863128662, "cos_iota": -0.9987938428908177, "psi": 4.085885047912598, "ra": 3.5914366, "sin_dec": 0.517143033483257}