{"M_c": 1.1018728017807007, "eta": 0.24996625882416793, "s1_z": 0.027800744, "s2_z": -0.0011064508, "lambda_1": 858.1833726418788, "lambda_2": 975.2138284266231, "d_L": 712.34621, "t_c": 0.0, "phase_c": -3.100144863128662, "iota": 3.0924724000000006, "psi": 4.085885047912598, "ra": 3.5914366, "dec": 0.5435096, "gmst": 5.791966256376539}