{"M_c": 1.3061591386795044, "eta": 0.2447641234401851, "s1_z": -0.078801397, "s2_z": -0.19603881, "lambda_1": 132.11476252282552, "lambda_2": 793.0269858664055, "d_L": 151.39772, "t_c": 0.0, "phase_c": 2.3454270362854004, "iota": 1.0341158, "psi": 5.181148052215576, "ra": 0.58040416, "dec": 0.6672976499999999, "gmst": 2.6089806387885224}