{"M_c": 1.4702836275100708, "eta": 0.24790516851972252, "s1_z": -0.04327765, "s2_z": -0.035384854, "lambda_1": 84.84844983327864, "lambda_2": 292.78207922117593, "d_L": 584.16877, "t_c": 0.0, "phase_c": -3.051407814025879, "iota": 0.59487178, "psi": 5.933746814727783, "ra": 2.9573194, "dec": 0.5458782699999999, "gmst": 4.696790250086593}