{"seed": 6216, "ifos": ["H1", "L1"], "outdir": "./injections_tidal/outdir/injection_1654/", "snr": 11.59690507748999, "f_sampling": 4096, "fmin": 20, "fref": 20, "trigger_time": 1017887068.0, "duration": 128, "post_trigger_duration": 2, "M_c": 1.6671117544174194, "q": 0.9200950892664499, "s1_z": -0.018014033, "s2_z": 0.03862268, "d_L": 435.84466, "t_c": 0.0, "phase_c": -0.21783378720283508, "cos_iota": -0.5483955842598623, "psi": 6.022253036499023, "ra": 4.9531116, "sin_dec": -0.10461446403861703}