{"M_c": 1.6671117544174194, "eta": 0.24956704627929882, "s1_z": -0.018014033, "s2_z": 0.03862268, "lambda_1": 45.874170498170784, "lambda_2": 90.46568410611307, "d_L": 435.84466, "t_c": 0.0, "phase_c": -0.21783378720283508, "iota": 2.1512407, "psi": 6.022253036499023, "ra": 4.9531116, "dec": -0.10480622999999999, "gmst": 4.063270009124797}