{"seed": 3622, "ifos": ["L1"], "outdir": "./injections_tidal/outdir/injection_4314/", "snr": 33.74905411118552, "f_sampling": 4096, "fmin": 20, "fref": 20, "trigger_time": 1016377577.0, "duration": 128, "post_trigger_duration": 2, "M_c": 1.7156201601028442, "q": 0.6231634869095655, "s1_z": 0.088178338, "s2_z": 0.037377245, "d_L": 101.3987, "t_c": 0.0, "phase_c": 1.3276187181472778, "cos_iota": -0.9704264258058714, "psi": 1.1845232248306274, "ra": 0.83147134, "sin_dec": 0.9216722437157101}