{"seed": 7768, "ifos": ["L1"], "outdir": "./injections_tidal/outdir/injection_4747/", "snr": 36.54715671928397, "f_sampling": 4096, "fmin": 20, "fref": 20, "trigger_time": 1002271794.0, "duration": 128, "post_trigger_duration": 2, "M_c": 1.4416680335998535, "q": 0.522851151186877, "s1_z": 0.2150594, "s2_z": -0.15122252, "d_L": 76.184725, "t_c": 0.0, "phase_c": -2.9294722080230713, "cos_iota": -0.5191465332745688, "psi": 0.4858519732952118, "ra": 0.053353036, "sin_dec": 0.4482569808919476}