{"seed": 2496, "ifos": ["H1"], "outdir": "./injections_tidal/outdir_uniform/injection_1882/", "snr": 30.37113570278796, "f_sampling": 4096, "fmin": 20, "fref": 20, "trigger_time": 1001371124.0, "duration": 128, "post_trigger_duration": 2, "M_c": 1.634988784790039, "q": 0.9067703248074858, "s1_z": -0.067065985, "s2_z": -0.020638799, "d_L": 87.421567, "t_c": 0.0, "phase_c": -0.6741265654563904, "cos_iota": -0.6510395404797226, "psi": 3.3669192790985107, "ra": 0.3603589, "sin_dec": 0.23469558082262612}