{"seed": 5874, "ifos": ["H1"], "outdir": "./injections_tidal/outdir/injection_4390/", "snr": 43.38131709735921, "f_sampling": 4096, "fmin": 20, "fref": 20, "trigger_time": 1021055108.0, "duration": 128, "post_trigger_duration": 2, "M_c": 1.2611957788467407, "q": 0.8414670285600145, "s1_z": -0.10002384, "s2_z": 0.088576517, "d_L": 104.28635, "t_c": 0.0, "phase_c": -2.2843894958496094, "cos_iota": 0.9359771847681382, "psi": 3.668910503387451, "ra": 4.376374, "sin_dec": -0.9983639527202441}