{"seed": 7456, "ifos": ["H1", "L1"], "outdir": "./injections_tidal/outdir/injection_1751/", "snr": 21.04882440559756, "f_sampling": 4096, "fmin": 20, "fref": 20, "trigger_time": 1026834148.0, "duration": 128, "post_trigger_duration": 2, "M_c": 2.1087164878845215, "q": 0.9466937276020368, "s1_z": 0.03764159, "s2_z": -0.039781585, "d_L": 451.20919, "t_c": 0.0, "phase_c": 1.4693760871887207, "cos_iota": 0.7000072914934434, "psi": 5.802019119262695, "ra": 1.2739749, "sin_dec": 0.814322520690147}