{"seed": 7891, "ifos": ["H1", "L1"], "outdir": "./injections_tidal/outdir/injection_81/", "snr": 44.61218785183569, "f_sampling": 4096, "fmin": 20, "fref": 20, "trigger_time": 1019348129.0, "duration": 128, "post_trigger_duration": 2, "M_c": 1.5171120166778564, "q": 0.7239820098907853, "s1_z": -0.042715258, "s2_z": -0.024932431, "d_L": 121.54648, "t_c": 0.0, "phase_c": 2.753676652908325, "cos_iota": 0.39806983317271, "psi": 0.05012752115726471, "ra": 5.3942362, "sin_dec": -0.6884195558719168}