{"M_c": 1.5171120166778564, "eta": 0.2435916041896449, "s1_z": -0.042715258, "s2_z": -0.024932431, "lambda_1": 35.192870435825895, "lambda_2": 365.8015211873502, "d_L": 121.54648, "t_c": 0.0, "phase_c": 2.753676652908325, "iota": 1.1613845, "psi": 0.05012752115726471, "ra": 5.3942362, "dec": -0.75930781, "gmst": 3.791377338609505}