{"seed": 4984, "ifos": ["L1"], "outdir": "./injections_tidal/outdir/injection_3184/", "snr": 23.20197785242517, "f_sampling": 4096, "fmin": 20, "fref": 20, "trigger_time": 1029120911.0, "duration": 128, "post_trigger_duration": 2, "M_c": 1.6921170949935913, "q": 0.5464656782304965, "s1_z": -0.043728989, "s2_z": 0.001209756, "d_L": 82.815777, "t_c": 0.0, "phase_c": -1.279257893562317, "cos_iota": 0.5507872562874653, "psi": 1.5357170104980469, "ra": 3.4954209, "sin_dec": 0.09359277722741897}