{"M_c": 1.8904478549957275, "eta": 0.24757762447836998, "s1_z": 0.0028471361, "s2_z": -0.048884796, "lambda_1": 5.2203813963268075, "lambda_2": 51.257201171759924, "d_L": 117.63761, "t_c": 0.0, "phase_c": 2.482055425643921, "iota": 0.30654475000000003, "psi": 3.924136161804199, "ra": 2.3956942, "dec": 1.2112369, "gmst": 2.891164135169163}