{"seed": 2745, "ifos": ["L1"], "outdir": "./injections_tidal/outdir/injection_2450/", "snr": 44.06607719725498, "f_sampling": 4096, "fmin": 20, "fref": 20, "trigger_time": 1021231394.0, "duration": 128, "post_trigger_duration": 2, "M_c": 1.8904478549957275, "q": 0.8207718354801372, "s1_z": 0.0028471361, "s2_z": -0.048884796, "d_L": 117.63761, "t_c": 0.0, "phase_c": 2.482055425643921, "cos_iota": 0.9533819368101697, "psi": 3.924136161804199, "ra": 2.3956942, "sin_dec": 0.9360519354299357}