{"seed": 2222, "ifos": ["H1", "L1"], "outdir": "./injections_tidal/outdir/injection_1032/", "snr": 17.21412425862412, "f_sampling": 4096, "fmin": 20, "fref": 20, "trigger_time": 1013442559.0, "duration": 128, "post_trigger_duration": 2, "M_c": 1.1609992980957031, "q": 0.9105581546404901, "s1_z": 0.0080952944, "s2_z": -0.04250115, "d_L": 286.96316, "t_c": 0.0, "phase_c": 2.7713937759399414, "cos_iota": 0.6569837218037657, "psi": 0.1703777313232422, "ra": 2.3000277, "sin_dec": -0.4251749246514271}