{"M_c": 1.1609992980957031, "eta": 0.24945210039469962, "s1_z": 0.0080952944, "s2_z": -0.04250115, "lambda_1": 525.1788155853877, "lambda_2": 887.3629390580641, "d_L": 286.96316, "t_c": 0.0, "phase_c": 2.7713937759399414, "iota": 0.85398545, "psi": 0.1703777313232422, "ra": 2.3000277, "dec": -0.43915514, "gmst": 0.40699039946346344}