{"seed": 2599, "ifos": ["H1", "L1"], "outdir": "./injections_tidal/outdir/injection_532/", "snr": 16.19466538226229, "f_sampling": 4096, "fmin": 20, "fref": 20, "trigger_time": 1016059517.0, "duration": 128, "post_trigger_duration": 2, "M_c": 1.2507301568984985, "q": 0.7829134858335358, "s1_z": 0.013227059, "s2_z": -0.023886121, "d_L": 334.84286, "t_c": 0.0, "phase_c": -2.8487868309020996, "cos_iota": 0.5933546856374967, "psi": 3.9205076694488525, "ra": 0.57647477, "sin_dec": 0.8300762081817022}