{"seed": 3337, "ifos": ["H1"], "outdir": "./injections_tidal/outdir/injection_4748/", "snr": 26.11700296432185, "f_sampling": 4096, "fmin": 20, "fref": 20, "trigger_time": 1015943758.0, "duration": 128, "post_trigger_duration": 2, "M_c": 1.2540595531463623, "q": 0.9297703772383569, "s1_z": -0.044641981, "s2_z": 0.048481574, "d_L": 195.98807, "t_c": 0.0, "phase_c": 1.3085676431655884, "cos_iota": 0.9894724062048397, "psi": 0.4231973886489868, "ra": 3.9272206, "sin_dec": 0.9629649300580034}