{"M_c": 1.4757282733917236, "eta": 0.23682698373445696, "s1_z": -0.2048184, "s2_z": 0.054726812, "lambda_1": 22.0322441166552, "lambda_2": 643.1104388665248, "d_L": 80.590369, "t_c": 0.0, "phase_c": 0.805259644985199, "iota": 2.5847512, "psi": 4.0030341148376465, "ra": 1.9447457, "dec": -0.49472089, "gmst": 1.9458412019547686}