{"M_c": 1.1149983406066895, "eta": 0.24242400300190042, "s1_z": -0.026547705, "s2_z": 0.030383199, "lambda_1": 305.4942249681271, "lambda_2": 2143.4674839408567, "d_L": 603.56576, "t_c": 0.0, "phase_c": -2.4920766353607178, "iota": 2.7247054, "psi": 4.335057258605957, "ra": 0.67375152, "dec": -0.49574256000000005, "gmst": 5.994972952516315}