{"seed": 3560, "ifos": ["H1"], "outdir": "./injections_tidal/outdir/injection_2902/", "snr": 10.29873150043991, "f_sampling": 4096, "fmin": 20, "fref": 20, "trigger_time": 1029976918.0, "duration": 128, "post_trigger_duration": 2, "M_c": 2.1060450077056885, "q": 0.9655833004876405, "s1_z": -0.034098313, "s2_z": -0.044641782, "d_L": 996.70991, "t_c": 0.0, "phase_c": 2.3770089149475098, "cos_iota": 0.8669535441643085, "psi": 6.177667617797852, "ra": 3.9648326, "sin_dec": 0.9127232503840941}