{"seed": 9359, "ifos": ["H1", "L1"], "outdir": "./injections_tidal/outdir/injection_4499/", "snr": 11.53897229643535, "f_sampling": 4096, "fmin": 20, "fref": 20, "trigger_time": 1024242198.0, "duration": 128, "post_trigger_duration": 2, "M_c": 2.1445693969726562, "q": 0.9715348019266555, "s1_z": -0.012736717, "s2_z": 0.022150315, "d_L": 737.18727, "t_c": 0.0, "phase_c": -1.870887279510498, "cos_iota": -0.7142599029810419, "psi": 2.0345842838287354, "ra": 4.1316134, "sin_dec": -0.9660440214843733}