{"seed": 659, "ifos": ["H1", "L1"], "outdir": "./injections_tidal/outdir/injection_1606/", "snr": 11.70203572058803, "f_sampling": 4096, "fmin": 20, "fref": 20, "trigger_time": 1028564962.0, "duration": 128, "post_trigger_duration": 2, "M_c": 1.7218756675720215, "q": 0.7460476448021319, "s1_z": -0.014968366, "s2_z": -0.038542756, "d_L": 822.27134, "t_c": 0.0, "phase_c": 1.6701390743255615, "cos_iota": -0.9518459577037248, "psi": 6.212034702301025, "ra": 1.0285218, "sin_dec": 0.7708211223180612}