{"seed": 7599, "ifos": ["H1", "L1"], "outdir": "./injections_tidal/outdir/injection_3875/", "snr": 12.21813758748743, "f_sampling": 4096, "fmin": 20, "fref": 20, "trigger_time": 1020836693.0, "duration": 128, "post_trigger_duration": 2, "M_c": 1.4911648035049438, "q": 0.9585389558844459, "s1_z": -0.042265367, "s2_z": -0.0092685529, "d_L": 263.32356, "t_c": 0.0, "phase_c": 1.3967113494873047, "cos_iota": -0.3388133602091517, "psi": 3.498513698577881, "ra": 5.2145683, "sin_dec": 0.6663964341363849}