{"seed": 755, "ifos": ["H1", "L1"], "outdir": "./injections_tidal/outdir/injection_1469/", "snr": 11.06319227021532, "f_sampling": 4096, "fmin": 20, "fref": 20, "trigger_time": 1003475146.0, "duration": 128, "post_trigger_duration": 2, "M_c": 1.7279452085494995, "q": 0.856420873197218, "s1_z": -0.0073368586, "s2_z": 0.038440777, "d_L": 373.69692, "t_c": 0.0, "phase_c": 0.43384870886802673, "cos_iota": -0.46428811489915883, "psi": 5.617897033691406, "ra": 1.4294651, "sin_dec": 0.25508527043874235}