{"seed": 9893, "ifos": ["L1"], "outdir": "./injections_tidal/outdir/injection_742/", "snr": 12.19732356656688, "f_sampling": 4096, "fmin": 20, "fref": 20, "trigger_time": 1028053246.0, "duration": 128, "post_trigger_duration": 2, "M_c": 1.9663740396499634, "q": 0.9598883364638017, "s1_z": -0.020414089, "s2_z": 0.0043055367, "d_L": 369.33274, "t_c": 0.0, "phase_c": 1.0982030630111694, "cos_iota": -0.6392915229248857, "psi": 1.5052611827850342, "ra": 4.6767594, "sin_dec": -0.5259675566534836}