{"M_c": 1.4911648035049438, "eta": 0.2498879643985997, "s1_z": -0.042265367, "s2_z": -0.0092685529, "lambda_1": 128.76215106053928, "lambda_2": 171.48943809970612, "d_L": 263.32356, "t_c": 0.0, "phase_c": 1.3967113494873047, "iota": 1.9164517, "psi": 3.498513698577881, "ra": 5.2145683, "dec": 0.7293651600000001, "gmst": 5.525038284817175}