{"seed": 3560, "ifos": ["H1"], "outdir": "./injections_tidal/outdir/injection_2555/", "snr": 32.59052893290099, "f_sampling": 4096, "fmin": 20, "fref": 20, "trigger_time": 1006199959.0, "duration": 128, "post_trigger_duration": 2, "M_c": 1.6846652030944824, "q": 0.7550581888231938, "s1_z": 0.20432088, "s2_z": -0.32181532, "d_L": 156.65875, "t_c": 0.0, "phase_c": -1.1717169284820557, "cos_iota": -0.9512158769286433, "psi": 5.804933071136475, "ra": 0.10981579, "sin_dec": -0.5101801090998703}