{"seed": 8994, "ifos": ["H1", "L1"], "outdir": "./injections_tidal/outdir/injection_945/", "snr": 34.47960259642129, "f_sampling": 4096, "fmin": 20, "fref": 20, "trigger_time": 1000375814.0, "duration": 128, "post_trigger_duration": 2, "M_c": 1.3061591386795044, "q": 0.7471541044914168, "s1_z": -0.078801397, "s2_z": -0.19603881, "d_L": 151.39772, "t_c": 0.0, "phase_c": 2.3454270362854004, "cos_iota": 0.5112860232917219, "psi": 5.181148052215576, "ra": 0.58040416, "sin_dec": 0.6188655617013987}