{"seed": 8291, "ifos": ["H1", "L1"], "outdir": "./injections_tidal/outdir/injection_1449/", "snr": 17.51517353638091, "f_sampling": 4096, "fmin": 20, "fref": 20, "trigger_time": 1019644380.0, "duration": 128, "post_trigger_duration": 2, "M_c": 1.5052951574325562, "q": 0.5289806377153925, "s1_z": -0.01269739, "s2_z": -0.020344195, "d_L": 358.0602, "t_c": 0.0, "phase_c": -0.11184713244438171, "cos_iota": 0.6888803797218144, "psi": 4.729073524475098, "ra": 1.8455855, "sin_dec": -0.028273289799051214}