{"seed": 2496, "ifos": ["H1", "L1"], "outdir": "./injections_tidal/outdir/injection_1316/", "snr": 18.46304515209761, "f_sampling": 4096, "fmin": 20, "fref": 20, "trigger_time": 1019719456.0, "duration": 128, "post_trigger_duration": 2, "M_c": 1.2069417238235474, "q": 0.7256138963637586, "s1_z": 0.008653727, "s2_z": -0.015217107, "d_L": 213.77179, "t_c": 0.0, "phase_c": -0.5610268712043762, "cos_iota": -0.7891950935021173, "psi": 1.31479811668396, "ra": 4.2661523, "sin_dec": -0.5135079683069874}