{"seed": 705, "ifos": ["H1", "L1"], "outdir": "./injections_tidal/outdir/injection_419/", "snr": 12.84157099673576, "f_sampling": 4096, "fmin": 20, "fref": 20, "trigger_time": 1013597432.0, "duration": 128, "post_trigger_duration": 2, "M_c": 1.22355055809021, "q": 0.9390366001587943, "s1_z": -0.0077567477, "s2_z": -0.040704182, "d_L": 563.23129, "t_c": 0.0, "phase_c": 2.3023641109466553, "cos_iota": 0.9760213312191695, "psi": 5.875947952270508, "ra": 6.0799118, "sin_dec": -0.2796992382247841}