{"M_c": 1.22355055809021, "eta": 0.249752880877394, "s1_z": -0.0077567477, "s2_z": -0.040704182, "lambda_1": 423.12223105224905, "lambda_2": 609.1418127466638, "d_L": 563.23129, "t_c": 0.0, "phase_c": 2.3023641109466553, "iota": 0.2194316100000001, "psi": 5.875947952270508, "ra": 6.0799118, "dec": -0.28348082999999996, "gmst": 5.417324240831953}