{"seed": 755, "ifos": ["H1", "L1"], "outdir": "./injections_tidal/outdir/injection_3938/", "snr": 19.62844957298295, "f_sampling": 4096, "fmin": 20, "fref": 20, "trigger_time": 1025305747.0, "duration": 128, "post_trigger_duration": 2, "M_c": 1.3502259254455566, "q": 0.9036539678186963, "s1_z": 0.032964509, "s2_z": 0.028611821, "d_L": 385.16364, "t_c": 0.0, "phase_c": -0.10253355652093887, "cos_iota": 0.9686024645746368, "psi": 0.22645314037799835, "ra": 3.9812598, "sin_dec": 0.6720808487996153}