{"seed": 1871, "ifos": ["H1", "L1"], "outdir": "./injections_tidal/outdir/injection_1247/", "snr": 10.64122004977836, "f_sampling": 4096, "fmin": 20, "fref": 20, "trigger_time": 1018003438.0, "duration": 128, "post_trigger_duration": 2, "M_c": 1.4745304584503174, "q": 0.7305692569697797, "s1_z": 0.02508917, "s2_z": 0.0046576661, "d_L": 639.36601, "t_c": 0.0, "phase_c": 2.4001388549804688, "cos_iota": -0.6857465235773205, "psi": 2.6120355129241943, "ra": 5.0245689, "sin_dec": 0.4031907997459491}