{"M_c": 1.4745304584503174, "eta": 0.2439402272531897, "s1_z": 0.02508917, "s2_z": 0.0046576661, "lambda_1": 48.03382078557118, "lambda_2": 421.8832400898978, "d_L": 639.36601, "t_c": 0.0, "phase_c": 2.4001388549804688, "iota": 2.3264252, "psi": 2.6120355129241943, "ra": 5.0245689, "dec": 0.41500095, "gmst": 6.265919848633313}