{"seed": 5072, "ifos": ["H1", "L1"], "outdir": "./injections_tidal/outdir_uniform/injection_4260/", "snr": 32.29776020376288, "f_sampling": 4096, "fmin": 20, "fref": 20, "trigger_time": 1015524414.0, "duration": 128, "post_trigger_duration": 2, "M_c": 1.3580628633499146, "q": 0.7109983703686046, "s1_z": -0.17346274, "s2_z": -0.0097327444, "d_L": 140.23235, "t_c": 0.0, "phase_c": -1.861562967300415, "cos_iota": -0.6432879081888843, "psi": 2.1227431297302246, "ra": 0.98069922, "sin_dec": 0.9465952907338455}