{"seed": 5251, "ifos": ["H1", "L1"], "outdir": "./injections_tidal/outdir/injection_4109/", "snr": 15.78685486949508, "f_sampling": 4096, "fmin": 20, "fref": 20, "trigger_time": 1019516062.0, "duration": 128, "post_trigger_duration": 2, "M_c": 1.7680470943450928, "q": 0.7677839100437707, "s1_z": -0.02502967, "s2_z": -0.043622693, "d_L": 276.71779, "t_c": 0.0, "phase_c": -1.6802648305892944, "cos_iota": -0.036626079461941415, "psi": 0.28042852878570557, "ra": 0.88123984, "sin_dec": 0.8218893734080498}