{"seed": 2659, "ifos": ["H1", "L1"], "outdir": "./injections_tidal/outdir/injection_3772/", "snr": 12.23079362656679, "f_sampling": 4096, "fmin": 20, "fref": 20, "trigger_time": 1017655476.0, "duration": 128, "post_trigger_duration": 2, "M_c": 1.6336098909378052, "q": 0.76283102823719, "s1_z": 0.033063431, "s2_z": 0.035646916, "d_L": 431.53971, "t_c": 0.0, "phase_c": -1.9849915504455566, "cos_iota": 0.4570121587372667, "psi": 5.084853649139404, "ra": 4.2206562, "sin_dec": 0.7629100475642585}