{"M_c": 1.2540595531463623, "eta": 0.24966889220214875, "s1_z": -0.044641981, "s2_z": 0.048481574, "lambda_1": 355.19124297768207, "lambda_2": 544.241756943742, "d_L": 195.98807, "t_c": 0.0, "phase_c": 1.3085676431655884, "iota": 0.14523165999999973, "psi": 0.4231973886489868, "ra": 3.9272206, "dec": 1.297791, "gmst": 0.5849392637074537}