{"seed": 2956, "ifos": ["H1", "L1"], "outdir": "./injections_tidal/outdir/injection_3904/", "snr": 11.0063949539539, "f_sampling": 4096, "fmin": 20, "fref": 20, "trigger_time": 1002840224.0, "duration": 128, "post_trigger_duration": 2, "M_c": 1.2008427381515503, "q": 0.8152914276182023, "s1_z": -0.027215833, "s2_z": -0.02180882, "d_L": 535.55274, "t_c": 0.0, "phase_c": -1.8274941444396973, "cos_iota": -0.5450405448460988, "psi": 5.699801921844482, "ra": 4.5617515, "sin_dec": 0.5336375586138365}