{"seed": 2732, "ifos": ["H1", "L1", "V1"], "outdir": "./outdir/injection_GW170817/", "f_sampling": 4096, "fmin": 20, "fref": 20, "trigger_time": 1019348129.0, "duration": 128, "post_trigger_duration": 2, "M_c": 1.1975, "q": 0.775, "s1_z": 0.1, "s2_z": -0.02, "H_0": 67.74, "z": 0.009783, "t_c": 0.0, "phase_c": 2.1, "cos_iota": 0.39806983317271, "psi": -0.73, "ra": 3.42, "sin_dec": -0.34}