{"eta": 0.24598293989287842, "iota": 1.1613845, "dec": -0.3469168975271617, "d_L": 43.29597898751108, "M_c": 1.1975, "s1_z": 0.1, "s2_z": -0.02, "lambda_1": 267.58132627636166, "lambda_2": 1151.4684443389601, "t_c": 0.0, "phase_c": 2.1, "psi": -0.73, "ra": 3.42, "gmst": 3.791377338609505}