{"M_c": 1.6846652030944824, "eta": 0.24513051740081848, "s1_z": 0.20432088, "s2_z": -0.32181532, "lambda_1": 11.015358199907624, "lambda_2": 166.5038849219245, "d_L": 156.65875, "t_c": 0.0, "phase_c": -1.1717169284820557, "iota": 2.8279495, "psi": 5.804933071136475, "ra": 0.10981579, "dec": -0.53539419, "gmst": 0.05576879798747877}