{"seed": 797, "ifos": ["H1", "L1"], "outdir": "./injections_tidal/outdir/injection_4067/", "snr": 63.47535619216567, "f_sampling": 4096, "fmin": 20, "fref": 20, "trigger_time": 1020677607.0, "duration": 128, "post_trigger_duration": 2, "M_c": 1.3641279935836792, "q": 0.8071374667856418, "s1_z": -0.14187739, "s2_z": -0.048100045, "d_L": 136.03961, "t_c": 0.0, "phase_c": 1.3972418308258057, "cos_iota": -0.9944037245112, "psi": 4.245076656341553, "ra": 1.0151865, "sin_dec": -0.6607411318599887}