{"M_c": 1.415260910987854, "eta": 0.24944311342535172, "s1_z": 0.13606468, "s2_z": -0.20500811, "lambda_1": 151.87521348451264, "lambda_2": 280.949830659001, "d_L": 220.90714, "t_c": 0.0, "phase_c": 1.0086164474487305, "iota": 0.52020889, "psi": 1.9533944129943848, "ra": 5.4041327, "dec": -0.8621802799999999, "gmst": 4.214117571089165}