{"M_c": 1.646912932395935, "eta": 0.24983603439657565, "s1_z": -0.16427544, "s2_z": -0.19096026, "lambda_1": 58.61355294927752, "lambda_2": 87.99923918216109, "d_L": 91.108125, "t_c": 0.0, "phase_c": -0.5161209106445312, "iota": 1.017055, "psi": 5.027459144592285, "ra": 0.33022072, "dec": -0.09570695000000001, "gmst": 2.8816775120323714}