{"seed": 9435, "ifos": ["H1"], "outdir": "./test/injection_143/", "snr": 13.22206651854782, "f_sampling": 4096, "fmin": 20, "fref": 20, "trigger_time": 1019692834.0, "duration": 128, "post_trigger_duration": 2, "M_c": 1.3336529731750488, "q": 0.9504596160003173, "s1_z": -0.0017102223, "s2_z": 0.024478602, "d_L": 398.42167, "t_c": 0.0, "phase_c": 2.6090962886810303, "cos_iota": 0.9391188006268923, "psi": 1.2745704650878906, "ra": 0.61230462, "sin_dec": 0.5977105683829436}