{"seed": 5874, "ifos": ["H1", "L1"], "outdir": "./injections_tidal/outdir/injection_307/", "snr": 12.85539357159308, "f_sampling": 4096, "fmin": 20, "fref": 20, "trigger_time": 1001151612.0, "duration": 128, "post_trigger_duration": 2, "M_c": 1.35883629322052, "q": 0.5583650259806945, "s1_z": 0.011943874, "s2_z": 0.021331928, "d_L": 401.52855, "t_c": 0.0, "phase_c": -1.5485093593597412, "cos_iota": -0.06709423198957652, "psi": 0.11718347668647766, "ra": 4.1477615, "sin_dec": -0.944675966023912}