{"seed": 659, "ifos": ["H1", "L1"], "outdir": "./injections_tidal/outdir/injection_4139/", "snr": 15.43874288986442, "f_sampling": 4096, "fmin": 20, "fref": 20, "trigger_time": 1020195655.0, "duration": 128, "post_trigger_duration": 2, "M_c": 1.3062384128570557, "q": 0.9685942849693783, "s1_z": 0.030835242, "s2_z": -0.03436438, "d_L": 369.33166, "t_c": 0.0, "phase_c": 1.8011701107025146, "cos_iota": -0.8286876867790075, "psi": 5.777122497558594, "ra": 5.8067355, "sin_dec": 0.9864624007473471}