{"M_c": 1.3062384128570557, "eta": 0.24993637248821518, "s1_z": 0.030835242, "s2_z": -0.03436438, "lambda_1": 314.3052113358422, "lambda_2": 380.1860662712734, "d_L": 369.33166, "t_c": 0.0, "phase_c": 1.8011701107025146, "iota": 2.5475553, "psi": 5.777122497558594, "ra": 5.8067355, "dec": 1.4060646999999997, "gmst": 2.7621000172722585}