{"seed": 537, "ifos": ["L1"], "outdir": "./injections_tidal/outdir/injection_795/", "snr": 13.96042009738924, "f_sampling": 4096, "fmin": 20, "fref": 20, "trigger_time": 1000491950.0, "duration": 128, "post_trigger_duration": 2, "M_c": 1.2176424264907837, "q": 0.9122853276551711, "s1_z": -0.04281332, "s2_z": 0.010360313, "d_L": 196.50657, "t_c": 0.0, "phase_c": 2.004126787185669, "cos_iota": -0.868980316946615, "psi": 0.9921470880508423, "ra": 5.0307377, "sin_dec": 0.22123805320353138}