{"M_c": 1.2176424264907837, "eta": 0.24947400803032527, "s1_z": -0.04281332, "s2_z": 0.010360313, "lambda_1": 399.91834132661154, "lambda_2": 678.2918054345178, "d_L": 196.50657, "t_c": 0.0, "phase_c": 2.004126787185669, "iota": 2.6239343, "psi": 0.9921470880508423, "ra": 5.0307377, "dec": 0.22308379999999997, "gmst": 4.794567076823561}