{"seed": 5072, "ifos": ["H1", "L1"], "outdir": "./injections_tidal/outdir/injection_939/", "snr": 12.64652037135841, "f_sampling": 4096, "fmin": 20, "fref": 20, "trigger_time": 1021147075.0, "duration": 128, "post_trigger_duration": 2, "M_c": 1.8163254261016846, "q": 0.9292955552515896, "s1_z": 0.014205917, "s2_z": 0.0035056645, "d_L": 244.53092, "t_c": 0.0, "phase_c": -2.662599802017212, "cos_iota": -0.1516130389650395, "psi": 1.603626012802124, "ra": 2.1283568, "sin_dec": 0.05866623358024384}