{"M_c": 1.2752606868743896, "eta": 0.24985552209917505, "s1_z": 0.039828829, "s2_z": -0.00023149483, "lambda_1": 345.99916861239774, "lambda_2": 460.16633151954017, "d_L": 228.34611, "t_c": 0.0, "phase_c": -1.005448341369629, "iota": 2.3696974, "psi": 1.9431992769241333, "ra": 0.5546788, "dec": -0.48953438, "gmst": 0.06654656927152686}