{"seed": 6036, "ifos": ["H1", "L1"], "outdir": "./injections_tidal/outdir/injection_873/", "snr": 14.9176649971461, "f_sampling": 4096, "fmin": 20, "fref": 20, "trigger_time": 1025100856.0, "duration": 128, "post_trigger_duration": 2, "M_c": 1.6904568672180176, "q": 0.7469057068264683, "s1_z": 0.0024436193, "s2_z": 0.032728997, "d_L": 575.62792, "t_c": 0.0, "phase_c": 0.1290203183889389, "cos_iota": -0.9800480668276144, "psi": 1.8123033046722412, "ra": 6.1656293, "sin_dec": 0.11649990020634171}