{"seed": 9845, "ifos": ["H1", "L1"], "outdir": "./injections_tidal/outdir/injection_238/", "snr": 59.65775811995256, "f_sampling": 4096, "fmin": 20, "fref": 20, "trigger_time": 1001250513.0, "duration": 128, "post_trigger_duration": 2, "M_c": 2.173992395401001, "q": 0.8737251038316516, "s1_z": 0.3665528, "s2_z": 0.0080080847, "d_L": 141.63639, "t_c": 0.0, "phase_c": 0.7184224724769592, "cos_iota": 0.8078423355714069, "psi": 5.418745517730713, "ra": 0.99299464, "sin_dec": 0.38069622534695075}