{"M_c": 1.4170787334442139, "eta": 0.24976879990089754, "s1_z": -0.011421127, "s2_z": 0.0125013, "lambda_1": 170.75756367431367, "lambda_2": 252.5335967737651, "d_L": 248.26885, "t_c": 0.0, "phase_c": -3.087237596511841, "iota": 0.9042358900000002, "psi": 1.2232307195663452, "ra": 4.0562324, "dec": -0.45680935, "gmst": 0.7250397829092842}