{"seed": 755, "ifos": ["H1", "L1"], "outdir": "./injections_tidal/outdir/injection_4161/", "snr": 29.58638693287287, "f_sampling": 4096, "fmin": 20, "fref": 20, "trigger_time": 1006376338.0, "duration": 128, "post_trigger_duration": 2, "M_c": 1.618391513824463, "q": 0.9839748980545403, "s1_z": 0.0096453389, "s2_z": 0.099249902, "d_L": 239.30541, "t_c": 0.0, "phase_c": -1.1191208362579346, "cos_iota": -0.7845631510720475, "psi": 5.348930358886719, "ra": 0.70294099, "sin_dec": -0.7553675334093356}