{"seed": 2222, "ifos": ["H1", "L1"], "outdir": "./injections_tidal/outdir/injection_1539/", "snr": 38.62244251872885, "f_sampling": 4096, "fmin": 20, "fref": 20, "trigger_time": 1010823681.0, "duration": 128, "post_trigger_duration": 2, "M_c": 1.415260910987854, "q": 0.9098605254367967, "s1_z": 0.13606468, "s2_z": -0.20500811, "d_L": 220.90714, "t_c": 0.0, "phase_c": 1.0086164474487305, "cos_iota": 0.8677153674527517, "psi": 1.9533944129943848, "ra": 5.4041327, "sin_dec": -0.7592632568839633}