{"seed": 1684, "ifos": ["L1"], "outdir": "./injections_tidal/outdir/injection_4543/", "snr": 10.88219929367948, "f_sampling": 4096, "fmin": 20, "fref": 20, "trigger_time": 1025430879.0, "duration": 128, "post_trigger_duration": 2, "M_c": 1.4093772172927856, "q": 0.9124308387123902, "s1_z": 0.0084219821, "s2_z": 0.049171916, "d_L": 547.10494, "t_c": 0.0, "phase_c": -1.5308506488800049, "cos_iota": 0.9070744291290405, "psi": 1.2827849388122559, "ra": 3.1228461, "sin_dec": 0.04177098634322952}