{"M_c": 1.6039470434188843, "eta": 0.24824204434209945, "s1_z": -0.092207744, "s2_z": 0.10383004, "lambda_1": 43.80664305371339, "lambda_2": 157.95689775913104, "d_L": 226.54627, "t_c": 0.0, "phase_c": 0.8013504147529602, "iota": 2.6485627999999997, "psi": 5.722528457641602, "ra": 0.96535827, "dec": 1.4058760000000001, "gmst": 1.69757032337166}