{"M_c": 1.3609437942504883, "eta": 0.23046920933611192, "s1_z": -0.27487614, "s2_z": -0.041727512, "lambda_1": 28.500755793850445, "lambda_2": 1311.4176346175373, "d_L": 223.16907, "t_c": 0.0, "phase_c": 0.4929227828979492, "iota": 0.5210063599999999, "psi": 4.2256317138671875, "ra": 2.6441876, "dec": 0.5961918499999999, "gmst": 5.158421333417352}