{"seed": 6172, "ifos": ["H1", "L1"], "outdir": "./injections_tidal/outdir/injection_2613/", "snr": 12.39039672860058, "f_sampling": 4096, "fmin": 20, "fref": 20, "trigger_time": 1020481773.0, "duration": 128, "post_trigger_duration": 2, "M_c": 1.6715008020401, "q": 0.9094869341307025, "s1_z": 0.049683488, "s2_z": -0.016188701, "d_L": 875.77574, "t_c": 0.0, "phase_c": -2.7829346656799316, "cos_iota": 0.8351451002245115, "psi": 3.275465965270996, "ra": 5.5316993, "sin_dec": -0.5487159553646408}