{"seed": 8622, "ifos": ["H1", "L1"], "outdir": "./injections_tidal/outdir/injection_3500/", "snr": 31.44207786096404, "f_sampling": 4096, "fmin": 20, "fref": 20, "trigger_time": 1006356098.0, "duration": 128, "post_trigger_duration": 2, "M_c": 1.3609437942504883, "q": 0.5631042247443161, "s1_z": -0.27487614, "s2_z": -0.041727512, "d_L": 223.16907, "t_c": 0.0, "phase_c": 0.4929227828979492, "cos_iota": 0.8673187000200988, "psi": 4.2256317138671875, "ra": 2.6441876, "sin_dec": 0.5614953849503104}