{"M_c": 1.451759934425354, "eta": 0.23271976076700782, "s1_z": 0.036797477, "s2_z": -0.049626518, "lambda_1": 14.996797881066072, "lambda_2": 849.035566425361, "d_L": 113.48336, "t_c": 0.0, "phase_c": -0.8242819309234619, "iota": 0.4834517299999999, "psi": 3.6194539070129395, "ra": 4.8315971, "dec": 0.37076052, "gmst": 5.023540567436736}