{"M_c": 1.3641279935836792, "eta": 0.24715256799487462, "s1_z": -0.14187739, "s2_z": -0.048100045, "lambda_1": 128.57918631845806, "lambda_2": 499.27604539387386, "d_L": 136.03961, "t_c": 0.0, "phase_c": 1.3972418308258057, "iota": 3.0357484000000006, "psi": 4.245076656341553, "ra": 1.0151865, "dec": -0.7218057, "gmst": 0.2074880013383537}