{"M_c": 1.4093773365020752, "eta": 0.24947583150707808, "s1_z": 0.0084219821, "s2_z": 0.049171916, "lambda_1": 159.8632502286729, "lambda_2": 287.265383673402, "d_L": 547.10494, "t_c": 0.0, "phase_c": -1.5308506488800049, "iota": 0.43451474, "psi": 1.2827849388122559, "ra": 3.1228461, "dec": 0.041783142999999995, "gmst": 1.246401072295757}