{"seed": 4373, "ifos": ["H1", "L1"], "outdir": "./injections_tidal/outdir/injection_274/", "snr": 10.91762357007826, "f_sampling": 4096, "fmin": 20, "fref": 20, "trigger_time": 1007149846.0, "duration": 128, "post_trigger_duration": 2, "M_c": 1.884273648262024, "q": 0.8622064332982995, "s1_z": 0.023965717, "s2_z": 0.026153034, "d_L": 640.30275, "t_c": 0.0, "phase_c": 2.7238147258758545, "cos_iota": -0.8067497900926802, "psi": 2.5635623931884766, "ra": 4.1969572, "sin_dec": -0.08476967691708677}