{"seed": 1871, "ifos": ["H1", "L1"], "outdir": "./injections_tidal/outdir/injection_3554/", "snr": 10.9584823748735, "f_sampling": 4096, "fmin": 20, "fref": 20, "trigger_time": 1006367570.0, "duration": 128, "post_trigger_duration": 2, "M_c": 1.1149983406066895, "q": 0.7034608435747087, "s1_z": -0.026547705, "s2_z": 0.030383199, "d_L": 603.56576, "t_c": 0.0, "phase_c": -2.4920766353607178, "cos_iota": -0.9143537696064785, "psi": 4.335057258605957, "ra": 0.67375152, "sin_dec": -0.47568494981096043}