{"M_c": 1.8826593160629272, "eta": 0.24733110324740534, "s1_z": -0.0099612806, "s2_z": -0.018869435, "lambda_1": 5.2203813963268075, "lambda_2": 55.295758059318835, "d_L": 190.78763, "t_c": 0.0, "phase_c": 3.0324041843414307, "iota": 2.7073554, "psi": 5.5455403327941895, "ra": 1.4307079, "dec": 0.9679650100000001, "gmst": 2.479986237717889}