{"M_c": 1.4358481168746948, "eta": 0.2467022088704814, "s1_z": 0.021039765, "s2_z": 0.17239307, "lambda_1": 83.1226447091948, "lambda_2": 386.03041717003214, "d_L": 243.25257, "t_c": 0.0, "phase_c": 2.563885450363159, "iota": 0.1540774299999998, "psi": 3.766658306121826, "ra": 6.0636713, "dec": -0.7081194100000001, "gmst": 4.923421562963864}