{"seed": 714, "ifos": ["H1"], "outdir": "./injections_tidal/outdir/injection_2282/", "snr": 11.24412030029911, "f_sampling": 4096, "fmin": 20, "fref": 20, "trigger_time": 1027558701.0, "duration": 128, "post_trigger_duration": 2, "M_c": 2.194373846054077, "q": 0.775123798557041, "s1_z": 0.030012995, "s2_z": -0.037560499, "d_L": 444.5881, "t_c": 0.0, "phase_c": 2.7446885108947754, "cos_iota": 0.841400590754638, "psi": 0.8741791248321533, "ra": 4.4871582, "sin_dec": -0.7650565297561804}