{"seed": 7877, "ifos": ["H1", "L1"], "outdir": "./injections_tidal/outdir/injection_2949/", "snr": 15.10233518836813, "f_sampling": 4096, "fmin": 20, "fref": 20, "trigger_time": 1010531128.0, "duration": 128, "post_trigger_duration": 2, "M_c": 1.6999560594558716, "q": 0.9273508987924772, "s1_z": -0.0098101491, "s2_z": 0.0009783202, "d_L": 498.44703, "t_c": 0.0, "phase_c": -0.5762945413589478, "cos_iota": 0.9702137692929388, "psi": 1.9858794212341309, "ra": 3.5585942, "sin_dec": 0.9863534601694812}