{"M_c": 1.6999560594558716, "eta": 0.24964479512411608, "s1_z": -0.0098101491, "s2_z": 0.0009783202, "lambda_1": 39.73036103093956, "lambda_2": 75.64797658297813, "d_L": 498.44703, "t_c": 0.0, "phase_c": -0.5762945413589478, "iota": 0.24468463999999984, "psi": 1.9858794212341309, "ra": 3.5585942, "dec": 1.4054017000000003, "gmst": 1.7303707063208367}