{"seed": 2163, "ifos": ["H1", "L1"], "outdir": "./injections_tidal/outdir/injection_874/", "snr": 11.83467861612477, "f_sampling": 4096, "fmin": 20, "fref": 20, "trigger_time": 1005265025.0, "duration": 128, "post_trigger_duration": 2, "M_c": 1.5659056901931763, "q": 0.6801117722268745, "s1_z": 0.010412892, "s2_z": -0.0020384386, "d_L": 959.7993, "t_c": 0.0, "phase_c": -0.3367651104927063, "cos_iota": 0.9151289560176363, "psi": 0.4708040952682495, "ra": 5.7062019, "sin_dec": 0.8978573876553063}