{"seed": 6172, "ifos": ["H1", "L1"], "outdir": "./injections_tidal/outdir/injection_4001/", "snr": 35.5743628936784, "f_sampling": 4096, "fmin": 20, "fref": 20, "trigger_time": 1030236243.0, "duration": 128, "post_trigger_duration": 2, "M_c": 2.2103970050811768, "q": 0.8703364300575965, "s1_z": 9.1584912e-05, "s2_z": -0.20863035, "d_L": 270.64586, "t_c": 0.0, "phase_c": -0.06939367949962616, "cos_iota": -0.8064224888752829, "psi": 4.266176700592041, "ra": 3.5127266, "sin_dec": 0.8476085196879973}