{"seed": 2163, "ifos": ["H1", "L1"], "outdir": "./injections_tidal/outdir/injection_2922/", "snr": 32.55596111042883, "f_sampling": 4096, "fmin": 20, "fref": 20, "trigger_time": 1004159666.0, "duration": 128, "post_trigger_duration": 2, "M_c": 1.3251373767852783, "q": 0.7345805578226532, "s1_z": -0.17529829, "s2_z": 0.071988562, "d_L": 215.52038, "t_c": 0.0, "phase_c": 2.3823044300079346, "cos_iota": -0.9088130082853279, "psi": 4.048725128173828, "ra": 6.1405432, "sin_dec": 0.10606318867070157}