{"M_c": 1.3251373767852783, "eta": 0.24414648784728482, "s1_z": -0.17529829, "s2_z": 0.071988562, "lambda_1": 112.04138166389878, "lambda_2": 764.4201185075551, "d_L": 215.52038, "t_c": 0.0, "phase_c": 2.3823044300079346, "iota": 2.7112264, "psi": 4.048725128173828, "ra": 6.1405432, "dec": 0.10626306, "gmst": 2.0716901113257653}