{"seed": 8615, "ifos": ["H1", "L1"], "outdir": "./injections_tidal/outdir/injection_3900/", "snr": 50.72056795513951, "f_sampling": 4096, "fmin": 20, "fref": 20, "trigger_time": 1027199227.0, "duration": 128, "post_trigger_duration": 2, "M_c": 1.7919076681137085, "q": 0.6255732521454156, "s1_z": -0.077862543, "s2_z": -0.083679654, "d_L": 64.043087, "t_c": 0.0, "phase_c": 1.5399949550628662, "cos_iota": 0.2139743362582445, "psi": 1.9144432544708252, "ra": 3.1067796, "sin_dec": 0.9926865891975664}