{"M_c": 1.4416680335998535, "eta": 0.2254567055609414, "s1_z": 0.2150594, "s2_z": -0.15122252, "lambda_1": 8.004756036874149, "lambda_2": 1165.940652273729, "d_L": 76.184725, "t_c": 0.0, "phase_c": -2.9294722080230713, "iota": 2.1166484, "psi": 0.4858519732952118, "ra": 0.053353036, "dec": 0.46481449, "gmst": 2.6359567187616095}