{"seed": 5874, "ifos": ["H1", "L1"], "outdir": "./injections_tidal/outdir/injection_541/", "snr": 10.53630459867196, "f_sampling": 4096, "fmin": 20, "fref": 20, "trigger_time": 1004269074.0, "duration": 128, "post_trigger_duration": 2, "M_c": 1.4641163349151611, "q": 0.942443805984203, "s1_z": 0.018753453, "s2_z": -0.031772429, "d_L": 389.58971, "t_c": 0.0, "phase_c": -0.8098297715187073, "cos_iota": -0.04854318809966993, "psi": 0.827717661857605, "ra": 4.7989506, "sin_dec": -0.2005121405870285}