{"M_c": 1.4641163349151611, "eta": 0.2497805036933419, "s1_z": 0.018753453, "s2_z": -0.031772429, "lambda_1": 137.74922132423066, "lambda_2": 204.56992855286563, "d_L": 389.58971, "t_c": 0.0, "phase_c": -0.8098297715187073, "iota": 1.6193586, "psi": 0.827717661857605, "ra": 4.7989506, "dec": -0.20188065000000002, "gmst": 3.7666629584177023}