{"seed": 1071, "ifos": ["H1", "L1"], "outdir": "./injections_tidal/outdir/injection_4036/", "snr": 10.2758328974151, "f_sampling": 4096, "fmin": 20, "fref": 20, "trigger_time": 1007618779.0, "duration": 128, "post_trigger_duration": 2, "M_c": 2.0332796573638916, "q": 0.9262681451599523, "s1_z": 0.030164284, "s2_z": 0.02403452, "d_L": 564.78755, "t_c": 0.0, "phase_c": -1.118368148803711, "cos_iota": -0.9231395131991854, "psi": 4.325450420379639, "ra": 1.3867324, "sin_dec": -0.9207295282027388}