{"seed": 3219, "ifos": ["H1", "L1"], "outdir": "./injections_tidal/outdir/injection_1608/", "snr": 16.66776200607783, "f_sampling": 4096, "fmin": 20, "fref": 20, "trigger_time": 1016932847.0, "duration": 128, "post_trigger_duration": 2, "M_c": 2.22428560256958, "q": 0.8201053568406759, "s1_z": 0.048279272, "s2_z": 0.0015458965, "d_L": 295.20053, "t_c": 0.0, "phase_c": -1.2059580087661743, "cos_iota": 0.46392720751226935, "psi": 5.8119096755981445, "ra": 2.1194976, "sin_dec": -0.989685830425693}