{"M_c": 1.7919076681137085, "eta": 0.23673642336421788, "s1_z": -0.077862543, "s2_z": -0.083679654, "lambda_1": 6.737280166979323, "lambda_2": 201.21470900997815, "d_L": 64.043087, "t_c": 0.0, "phase_c": 1.5399949550628662, "iota": 1.3551545999999999, "psi": 1.9144432544708252, "ra": 3.1067796, "dec": 1.4497811000000005, "gmst": 4.532679735857354}