{"seed": 537, "ifos": ["H1", "L1"], "outdir": "./injections_tidal/outdir_uniform/injection_2798/", "snr": 34.30099831449085, "f_sampling": 4096, "fmin": 20, "fref": 20, "trigger_time": 1027495511.0, "duration": 128, "post_trigger_duration": 2, "M_c": 1.7859224081039429, "q": 0.7177291110093731, "s1_z": -0.010319192, "s2_z": 0.088595851, "d_L": 173.60481, "t_c": 0.0, "phase_c": 0.2315899133682251, "cos_iota": 0.5459757058987482, "psi": 0.14490903913974762, "ra": 4.9635336, "sin_dec": 0.4916553062501136}