{"M_c": 1.250730037689209, "eta": 0.24629366083447057, "s1_z": 0.013227059, "s2_z": -0.023886121, "lambda_1": 210.09668974693005, "lambda_2": 886.32096440226, "d_L": 334.84286, "t_c": 0.0, "phase_c": -2.8487868309020996, "iota": 0.93557624, "psi": 3.9205076694488525, "ra": 0.57647477, "dec": 0.97924433, "gmst": 2.7430342179764593}