{"seed": 4469, "ifos": ["H1"], "outdir": "./injections_tidal/outdir/injection_4815/", "snr": 12.16898376861358, "f_sampling": 4096, "fmin": 20, "fref": 20, "trigger_time": 1003306887.0, "duration": 128, "post_trigger_duration": 2, "M_c": 2.1356279850006104, "q": 0.9852626454824085, "s1_z": 0.00054089788, "s2_z": -0.034358608, "d_L": 329.16455, "t_c": 0.0, "phase_c": -1.0658056735992432, "cos_iota": 0.45525850176560556, "psi": 3.6568992137908936, "ra": 3.2720819, "sin_dec": -0.5621586942903505}