{"seed": 1871, "ifos": ["H1", "L1"], "outdir": "./injections_tidal/outdir/injection_3580/", "snr": 31.03362047987869, "f_sampling": 4096, "fmin": 20, "fref": 20, "trigger_time": 1003042690.0, "duration": 128, "post_trigger_duration": 2, "M_c": 1.5415124893188477, "q": 0.9985730059336949, "s1_z": 0.072312814, "s2_z": 0.06801327, "d_L": 310.88067, "t_c": 0.0, "phase_c": -1.326827049255371, "cos_iota": -0.939560666869186, "psi": 3.9234256744384766, "ra": 0.81065064, "sin_dec": 0.685433151524672}