{"M_c": 1.5415124893188477, "eta": 0.24999987254868858, "s1_z": 0.072312814, "s2_z": 0.06801327, "lambda_1": 117.62496049342262, "lambda_2": 118.76204990790207, "d_L": 310.88067, "t_c": 0.0, "phase_c": -1.326827049255371, "iota": 2.7921412, "psi": 3.9234256744384766, "ra": 0.81065064, "dec": 0.75519841, "gmst": 2.301916656165406}