{"seed": 6216, "ifos": ["H1", "L1"], "outdir": "./injections_tidal/outdir/injection_859/", "snr": 10.5732068272592, "f_sampling": 4096, "fmin": 20, "fref": 20, "trigger_time": 1027680463.0, "duration": 128, "post_trigger_duration": 2, "M_c": 1.4612462520599365, "q": 0.6326065452089498, "s1_z": -0.013971362, "s2_z": -0.032726985, "d_L": 514.11798, "t_c": 0.0, "phase_c": 1.0761959552764893, "cos_iota": 0.6268073585340835, "psi": 4.291792392730713, "ra": 0.83288314, "sin_dec": 0.45182680967587474}