{"seed": 4187, "ifos": ["L1"], "outdir": "./injections_tidal/outdir/injection_484/", "snr": 30.39608731002558, "f_sampling": 4096, "fmin": 20, "fref": 20, "trigger_time": 1022636617.0, "duration": 128, "post_trigger_duration": 2, "M_c": 1.6326545476913452, "q": 0.9869232361104101, "s1_z": -0.24629959, "s2_z": 0.045508026, "d_L": 207.94321, "t_c": 0.0, "phase_c": 2.6028177738189697, "cos_iota": -0.9798357710614641, "psi": 1.0801619291305542, "ra": 2.3823751, "sin_dec": 0.4417623931886162}