{"M_c": 1.6326545476913452, "eta": 0.24998917124829056, "s1_z": -0.24629959, "s2_z": 0.045508026, "lambda_1": 73.40217469406304, "lambda_2": 81.33435071308718, "d_L": 207.94321, "t_c": 0.0, "phase_c": 2.6028177738189697, "iota": 2.9404341999999994, "psi": 1.0801619291305542, "ra": 2.3823751, "dec": 0.4575622, "gmst": 4.8306878648925995}