{"seed": 2292, "ifos": ["H1", "L1"], "outdir": "./injections_tidal/outdir/injection_2392/", "snr": 38.80703057387474, "f_sampling": 4096, "fmin": 20, "fref": 20, "trigger_time": 1006008219.0, "duration": 128, "post_trigger_duration": 2, "M_c": 1.4358481168746948, "q": 0.7939588158898284, "s1_z": 0.021039765, "s2_z": 0.17239307, "d_L": 243.25257, "t_c": 0.0, "phase_c": 2.563885450363159, "cos_iota": 0.9881535367364715, "psi": 3.766658306121826, "ra": 6.0636713, "sin_dec": -0.650406451458375}