{"M_c": 1.2611957788467407, "eta": 0.24814710284751584, "s1_z": -0.10002384, "s2_z": 0.088576517, "lambda_1": 251.2891577347093, "lambda_2": 696.9373774801497, "d_L": 104.28635, "t_c": 0.0, "phase_c": -2.2843894958496094, "iota": 0.35977181, "psi": 3.668910503387451, "ra": 4.376374, "dec": -1.5135863, "gmst": 2.6025563533474028}