{"seed": 8622, "ifos": ["H1", "L1"], "outdir": "./injections_tidal/outdir/injection_3516/", "snr": 12.5169066407957, "f_sampling": 4096, "fmin": 20, "fref": 20, "trigger_time": 1025425757.0, "duration": 128, "post_trigger_duration": 2, "M_c": 1.839722752571106, "q": 0.9841861484947009, "s1_z": 0.0087483129, "s2_z": 0.025050441, "d_L": 559.33262, "t_c": 0.0, "phase_c": -0.3640947639942169, "cos_iota": 0.750230437640942, "psi": 2.5903069972991943, "ra": 3.851374, "sin_dec": 0.9065415193680225}