{"seed": 6687, "ifos": ["H1", "L1"], "outdir": "./injections_tidal/outdir/injection_2912/", "snr": 41.41300995633954, "f_sampling": 4096, "fmin": 20, "fref": 20, "trigger_time": 1020369623.0, "duration": 128, "post_trigger_duration": 2, "M_c": 1.646912932395935, "q": 0.950059348856243, "s1_z": -0.16427544, "s2_z": -0.19096026, "d_L": 91.108125, "t_c": 0.0, "phase_c": -0.5161209106445312, "cos_iota": 0.5258731361675105, "psi": 5.027459144592285, "ra": 0.33022072, "sin_dec": -0.0955609071587934}