{"seed": 7768, "ifos": ["H1", "L1"], "outdir": "./injections_tidal/outdir/injection_564/", "snr": 10.23544038509759, "f_sampling": 4096, "fmin": 20, "fref": 20, "trigger_time": 1013564047.0, "duration": 128, "post_trigger_duration": 2, "M_c": 1.8604447841644287, "q": 0.8245200964652187, "s1_z": -0.033170342, "s2_z": 0.028288848, "d_L": 261.524, "t_c": 0.0, "phase_c": 2.550891399383545, "cos_iota": -0.30373238163551575, "psi": 6.057981967926025, "ra": 5.9243265, "sin_dec": -0.7639033334904662}