{"seed": 4851, "ifos": ["H1", "L1"], "outdir": "./injections_tidal/outdir/injection_1017/", "snr": 25.68047287590866, "f_sampling": 4096, "fmin": 20, "fref": 20, "trigger_time": 1023048386.0, "duration": 128, "post_trigger_duration": 2, "M_c": 1.7096091508865356, "q": 0.9270908882119026, "s1_z": 0.038044547, "s2_z": 0.041431832, "d_L": 323.34277, "t_c": 0.0, "phase_c": 1.6915411949157715, "cos_iota": 0.7939520682479565, "psi": 4.33683443069458, "ra": 4.376446, "sin_dec": -0.582571198000522}