{"M_c": 1.7096091508865356, "eta": 0.24964215147805055, "s1_z": 0.038044547, "s2_z": 0.041431832, "lambda_1": 37.54995071667483, "lambda_2": 72.42952655988462, "d_L": 323.34277, "t_c": 0.0, "phase_c": 1.6915411949157715, "iota": 0.6535143199999999, "psi": 4.33683443069458, "ra": 4.376446, "dec": -0.6218885799999999, "gmst": 3.4414364191208175}