{"M_c": 1.3502259254455566, "eta": 0.24935962899495842, "s1_z": 0.032964509, "s2_z": 0.028611821, "lambda_1": 205.2665246411167, "lambda_2": 383.4440623388546, "d_L": 385.16364, "t_c": 0.0, "phase_c": -0.10253355652093887, "iota": 0.25124977999999976, "psi": 0.22645314037799835, "ra": 3.9812598, "dec": 0.7370153599999999, "gmst": 4.688000339977363}