{"seed": 6687, "ifos": ["H1", "L1"], "outdir": "./injections_tidal/outdir/injection_2097/", "snr": 10.33260403826036, "f_sampling": 4096, "fmin": 20, "fref": 20, "trigger_time": 1004337959.0, "duration": 128, "post_trigger_duration": 2, "M_c": 1.0686321258544922, "q": 0.9903314000108054, "s1_z": -0.033191407, "s2_z": -0.015399759, "d_L": 482.92523, "t_c": 0.0, "phase_c": 0.08274800330400467, "cos_iota": 0.6596958606177596, "psi": 4.912102699279785, "ra": 0.11159166, "sin_dec": 0.8790069093378525}