{"seed": 705, "ifos": ["H1", "L1"], "outdir": "./injections_tidal/outdir/injection_2310/", "snr": 39.63580329909921, "f_sampling": 4096, "fmin": 20, "fref": 20, "trigger_time": 1027809107.0, "duration": 128, "post_trigger_duration": 2, "M_c": 1.451759934425354, "q": 0.5836458194771459, "s1_z": 0.036797477, "s2_z": -0.049626518, "d_L": 113.48336, "t_c": 0.0, "phase_c": -0.8242819309234619, "cos_iota": 0.8853957048921907, "psi": 3.6194539070129395, "ra": 4.8315971, "sin_dec": 0.3623243809119996}