{"seed": 7891, "ifos": ["H1", "L1"], "outdir": "./injections_tidal/outdir/injection_258/", "snr": 13.68034926746442, "f_sampling": 4096, "fmin": 20, "fref": 20, "trigger_time": 1028335322.0, "duration": 128, "post_trigger_duration": 2, "M_c": 1.760468602180481, "q": 0.8764081752456666, "s1_z": 0.034805397, "s2_z": 0.012849264, "d_L": 558.60704, "t_c": 0.0, "phase_c": -1.3981575965881348, "cos_iota": 0.72846271037407, "psi": 2.0462162494659424, "ra": 0.14458171, "sin_dec": -0.5315419727954668}