{"M_c": 2.2103970050811768, "eta": 0.24879846481831971, "s1_z": 9.1584912e-05, "s2_z": -0.20863035, "lambda_1": 6.737280166979323, "lambda_2": 6.737280166979323, "d_L": 270.64586, "t_c": 0.0, "phase_c": -0.06939367949962616, "iota": 2.5088734, "psi": 4.266176700592041, "ra": 3.5127266, "dec": 1.0114619999999999, "gmst": 6.083918068632838}