{"M_c": 1.2069417238235474, "eta": 0.2436791283032937, "s1_z": 0.008653727, "s2_z": -0.015217107, "lambda_1": 205.4867781034994, "lambda_2": 1311.1254574672232, "d_L": 213.77179, "t_c": 0.0, "phase_c": -0.5610268712043762, "iota": 2.4802935999999995, "psi": 1.31479811668396, "ra": 4.2661523, "dec": -0.5392679499999999, "gmst": 5.736231588384034}