{"seed": 8526, "ifos": ["H1", "L1"], "outdir": "./test/injection_2693/", "snr": 48.6138466969981, "f_sampling": 4096, "fmin": 20, "fref": 20, "trigger_time": 1016314402.0, "duration": 128, "post_trigger_duration": 2, "M_c": 1.8826591968536377, "q": 0.8127062385698385, "s1_z": -0.0099612806, "s2_z": -0.018869435, "d_L": 190.78763, "t_c": 0.0, "phase_c": 3.0324041843414307, "cos_iota": -0.907191207738676, "psi": 5.5455403327941895, "ra": 1.4307079, "sin_dec": 0.8237336272382291}