{"M_c": 1.8826591968536377, "eta": 0.24733110324740534, "s1_z": -0.0099612806, "s2_z": -0.018869435, "lambda_1": 6.737280166979323, "lambda_2": 56.035859458975494, "d_L": 190.78763, "t_c": 0.0, "phase_c": 3.0324041843414307, "iota": 2.7073554, "psi": 5.5455403327941895, "ra": 1.4307079, "dec": 0.9679650100000001, "gmst": 2.479986237717889}