{"M_c": 1.190252423286438, "eta": 0.2444793693120798, "s1_z": 0.048288319, "s2_z": -0.01508925, "lambda_1": 240.85648350557423, "lambda_2": 1334.7544626169274, "d_L": 239.91382, "t_c": 0.0, "phase_c": -2.500619411468506, "iota": 2.199447, "psi": 3.325117826461792, "ra": 2.0915601, "dec": -0.8970162099999999, "gmst": 2.8014237167047056}