{"seed": 8994, "ifos": ["H1", "L1"], "outdir": "./injections_tidal/outdir/injection_2690/", "snr": 11.60753413124472, "f_sampling": 4096, "fmin": 20, "fref": 20, "trigger_time": 1008611684.0, "duration": 128, "post_trigger_duration": 2, "M_c": 1.489528775215149, "q": 0.6055391463702231, "s1_z": -0.019251122, "s2_z": -0.010131221, "d_L": 611.56733, "t_c": 0.0, "phase_c": -1.8015317916870117, "cos_iota": 0.9610140045667407, "psi": 1.4853575229644775, "ra": 6.199683, "sin_dec": -0.8549065088220642}