{"seed": 4859, "ifos": ["H1", "L1"], "outdir": "./injections_tidal/outdir/injection_162/", "snr": 15.12121194227598, "f_sampling": 4096, "fmin": 20, "fref": 20, "trigger_time": 1009562493.0, "duration": 128, "post_trigger_duration": 2, "M_c": 1.6111068725585938, "q": 0.7227213991131264, "s1_z": 0.0046457501, "s2_z": -0.0013735564, "d_L": 597.56348, "t_c": 0.0, "phase_c": 0.9530418515205383, "cos_iota": 0.8589296437416104, "psi": 1.6665419340133667, "ra": 4.0165991, "sin_dec": 0.4851837792113055}