{"seed": 7599, "ifos": ["H1", "L1"], "outdir": "./injections_tidal/outdir/injection_1307/", "snr": 10.49112195340518, "f_sampling": 4096, "fmin": 20, "fref": 20, "trigger_time": 1008859585.0, "duration": 128, "post_trigger_duration": 2, "M_c": 2.0426735877990723, "q": 0.9292404138955991, "s1_z": -0.014390572, "s2_z": -0.00067368151, "d_L": 531.37794, "t_c": 0.0, "phase_c": -0.6965258717536926, "cos_iota": 0.621988273966984, "psi": 1.1149059534072876, "ra": 0.62066559, "sin_dec": 0.3389736078727711}