{"M_c": 1.095468521118164, "eta": 0.2498986459457375, "s1_z": 0.022750958, "s2_z": -0.25083342, "lambda_1": 848.4434065112075, "lambda_2": 1057.8425141692185, "d_L": 103.36001, "t_c": 0.0, "phase_c": -1.1597613096237183, "iota": 2.5605413, "psi": 4.739634037017822, "ra": 2.633147, "dec": 0.12413204, "gmst": 0.32490419955874544}