{"M_c": 1.7156201601028442, "eta": 0.2365252277821763, "s1_z": 0.088178338, "s2_z": 0.037377245, "lambda_1": 5.2203813963268075, "lambda_2": 265.6060613540681, "d_L": 101.3987, "t_c": 0.0, "phase_c": 1.3276187181472778, "iota": 2.8977874, "psi": 1.1845232248306274, "ra": 0.83147134, "dec": 1.1723689, "gmst": 0.803594566518196}