{"seed": 8343, "ifos": ["L1"], "outdir": "./injections_tidal/outdir/injection_2335/", "snr": 13.02644753353281, "f_sampling": 4096, "fmin": 20, "fref": 20, "trigger_time": 1014982779.0, "duration": 128, "post_trigger_duration": 2, "M_c": 1.5365275144577026, "q": 0.988830027580172, "s1_z": -0.031058386, "s2_z": -0.015408427, "d_L": 245.2629, "t_c": 0.0, "phase_c": -0.9074560403823853, "cos_iota": 0.6676767417046248, "psi": 6.131287097930908, "ra": 0.53015851, "sin_dec": 0.20671682631794283}