{"M_c": 1.5365275144577026, "eta": 0.24999211414343464, "s1_z": -0.031058386, "s2_z": -0.015408427, "lambda_1": 116.29595647473269, "lambda_2": 125.9874253216623, "d_L": 245.2629, "t_c": 0.0, "phase_c": -0.9074560403823853, "iota": 0.8397126899999999, "psi": 6.131287097930908, "ra": 0.53015851, "dec": 0.20821811, "gmst": 5.90746408298093}