{"seed": 3219, "ifos": ["H1", "L1"], "outdir": "./injections_tidal/outdir/injection_129/", "snr": 55.42929873301911, "f_sampling": 4096, "fmin": 20, "fref": 20, "trigger_time": 1022769384.0, "duration": 128, "post_trigger_duration": 2, "M_c": 1.4757282733917236, "q": 0.6266146395199842, "s1_z": -0.2048184, "s2_z": 0.054726812, "d_L": 80.590369, "t_c": 0.0, "phase_c": 0.805259644985199, "cos_iota": -0.8489286582013472, "psi": 4.0030341148376465, "ra": 1.9447457, "sin_dec": -0.4747860247044865}