{"seed": 4735, "ifos": ["H1", "L1"], "outdir": "./injections_tidal/outdir/injection_1871/", "snr": 16.68117301188813, "f_sampling": 4096, "fmin": 20, "fref": 20, "trigger_time": 1028547703.0, "duration": 128, "post_trigger_duration": 2, "M_c": 1.8937832117080688, "q": 0.9354363174107597, "s1_z": -0.033338928, "s2_z": 0.028064505, "d_L": 665.45781, "t_c": 0.0, "phase_c": 1.6314078569412231, "cos_iota": -0.9613501608955491, "psi": 1.810477375984192, "ra": 1.2880272, "sin_dec": 0.8652474831444431}