{"M_c": 1.618391513824463, "eta": 0.2499836894252591, "s1_z": 0.0096453389, "s2_z": 0.099249902, "lambda_1": 76.2649885610338, "lambda_2": 86.58079643984335, "d_L": 239.30541, "t_c": 0.0, "phase_c": -1.1191208362579346, "iota": 2.4727876, "psi": 5.348930358886719, "ra": 0.70294099, "dec": -0.8562148000000002, "gmst": 0.3511604305260806}