{"seed": 4353, "ifos": ["H1", "L1"], "outdir": "./injections_tidal/outdir/injection_21/", "snr": 31.55944294025161, "f_sampling": 4096, "fmin": 20, "fref": 20, "trigger_time": 1025350902.0, "duration": 128, "post_trigger_duration": 2, "M_c": 1.6039470434188843, "q": 0.8452636394171378, "s1_z": -0.092207744, "s2_z": 0.10383004, "d_L": 226.54627, "t_c": 0.0, "phase_c": 0.8013504147529602, "cos_iota": -0.8809028833447087, "psi": 5.722528457641602, "ra": 0.96535827, "sin_dec": 0.9864314387251867}