{"M_c": 1.306273341178894, "eta": 0.23917971366570748, "s1_z": 0.037893538, "s2_z": -0.042924591, "lambda_1": 81.87830592147607, "lambda_2": 1116.4809041572528, "d_L": 517.66111, "t_c": 0.0, "phase_c": -2.2821030616760254, "iota": 1.2058893, "psi": 0.8930810689926147, "ra": 5.3603424, "dec": 0.84937099, "gmst": 1.3786321618217177}