{"M_c": 1.634988784790039, "eta": 0.24940234358928537, "s1_z": -0.067065985, "s2_z": -0.020638799, "lambda_1": 50.452999423700014, "lambda_2": 108.32376075354537, "d_L": 87.421567, "t_c": 0.0, "phase_c": -0.6741265654563904, "iota": 2.2797495, "psi": 3.3669192790985107, "ra": 0.3603589, "dec": 0.23690539, "gmst": 6.073097186827997}