{"M_c": 2.1521430015563965, "eta": 0.24792942384733402, "s1_z": -0.52561503, "s2_z": 0.019001583, "lambda_1": 5.2203813963268075, "lambda_2": 12.179594748681044, "d_L": 293.23054, "t_c": 0.0, "phase_c": 0.08998345583677292, "iota": 0.5815275599999998, "psi": 1.8448151350021362, "ra": 4.9437108, "dec": 1.0440083, "gmst": 6.030481480250901}