{"seed": 1641, "ifos": ["H1", "L1"], "outdir": "./injections_tidal/outdir/injection_3098/", "snr": 10.45194624769013, "f_sampling": 4096, "fmin": 20, "fref": 20, "trigger_time": 1009115612.0, "duration": 128, "post_trigger_duration": 2, "M_c": 1.7852894067764282, "q": 0.7423618079236516, "s1_z": 0.021211371, "s2_z": -0.0025958925, "d_L": 220.6551, "t_c": 0.0, "phase_c": -2.1090891361236572, "cos_iota": -0.3346760862335381, "psi": 3.298276901245117, "ra": 0.16871451, "sin_dec": 0.43569481650055736}