{"seed": 3219, "ifos": ["H1", "L1"], "outdir": "./injections_tidal/outdir/injection_4397/", "snr": 14.76277358989307, "f_sampling": 4096, "fmin": 20, "fref": 20, "trigger_time": 1030944378.0, "duration": 128, "post_trigger_duration": 2, "M_c": 1.5922825336456299, "q": 0.9508016179548473, "s1_z": -0.03834015, "s2_z": -0.007140219, "d_L": 179.9298, "t_c": 0.0, "phase_c": -0.13604144752025604, "cos_iota": 0.6754416728525858, "psi": 4.762401580810547, "ra": 4.9020921, "sin_dec": -0.4390196782899411}