{"seed": 8736, "ifos": ["H1", "L1"], "outdir": "./injections_tidal/outdir/injection_3070/", "snr": 42.57851225359092, "f_sampling": 4096, "fmin": 20, "fref": 20, "trigger_time": 1004139002.0, "duration": 128, "post_trigger_duration": 2, "M_c": 1.1199772357940674, "q": 0.9360056901895036, "s1_z": 0.053794401, "s2_z": 0.28894358, "d_L": 95.515436, "t_c": 0.0, "phase_c": 1.9291564226150513, "cos_iota": 0.7722525087191038, "psi": 1.2868622541427612, "ra": 2.3784859, "sin_dec": 0.25080691195220883}