{"M_c": 1.1199772357940674, "eta": 0.24972684480233345, "s1_z": 0.053794401, "s2_z": 0.28894358, "lambda_1": 696.9982030534452, "lambda_2": 1000.6847566641347, "d_L": 95.515436, "t_c": 0.0, "phase_c": 1.9291564226150513, "iota": 0.6884172800000001, "psi": 1.2868622541427612, "ra": 2.3784859, "dec": 0.25351372, "gmst": 0.5648472452240326}