{"seed": 7768, "ifos": ["H1", "L1"], "outdir": "./injections_tidal/outdir/injection_1064/", "snr": 11.35173701447727, "f_sampling": 4096, "fmin": 20, "fref": 20, "trigger_time": 1009590566.0, "duration": 128, "post_trigger_duration": 2, "M_c": 1.2289036512374878, "q": 0.9714040783748309, "s1_z": -0.010867628, "s2_z": -0.046023378, "d_L": 469.91377, "t_c": 0.0, "phase_c": 0.21000514924526215, "cos_iota": -0.8523341271072425, "psi": 1.625803828239441, "ra": 4.0396711, "sin_dec": 0.3764520437497394}