{"M_c": 1.2289036512374878, "eta": 0.24994739864840576, "s1_z": -0.010867628, "s2_z": -0.046023378, "lambda_1": 456.1452147037052, "lambda_2": 539.586151540836, "d_L": 469.91377, "t_c": 0.0, "phase_c": 0.21000514924526215, "iota": 2.5912284999999997, "psi": 1.625803828239441, "ra": 4.0396711, "dec": 0.38596362000000006, "gmst": 2.258536543988045}