{"seed": 9225, "ifos": ["H1", "L1"], "outdir": "./injections_tidal/outdir/injection_404/", "snr": 23.12261274383538, "f_sampling": 4096, "fmin": 20, "fref": 20, "trigger_time": 1030929201.0, "duration": 128, "post_trigger_duration": 2, "M_c": 1.2752606868743896, "q": 0.9530491055778368, "s1_z": 0.039828829, "s2_z": -0.00023149483, "d_L": 228.34611, "t_c": 0.0, "phase_c": -1.005448341369629, "cos_iota": -0.7165900282285906, "psi": 1.9431992769241333, "ra": 0.5546788, "sin_dec": -0.4702150053440645}